"Status","Start Time","Stop Time","Duration in ms","Parent Suite","Suite","Sub Suite","Test Class","Test Method","Name","Description"
"passed","Sun Dec 13 21:27:45 CST 2020","Sun Dec 13 21:27:45 CST 2020","0","testcase","test_calculator","TestCal","","","test_add[zero]","
        testcase for Calculator.add
        :param a:
        :param b:
        :return:
        "
"passed","Sun Dec 13 21:27:45 CST 2020","Sun Dec 13 21:27:45 CST 2020","0","testcase","test_calculator","TestCal","","","test_sub[super_positive_integer]","
        testcase for Calculator.sub
        :param a:
        :param b:
        :return:
        "
"passed","Sun Dec 13 21:27:45 CST 2020","Sun Dec 13 21:27:45 CST 2020","0","testcase","test_calculator","TestCal","","","test_mul[zero]","
        testcase for Calculator.mul
        :param a:
        :param b:
        :return:
        "
"passed","Sun Dec 13 21:27:45 CST 2020","Sun Dec 13 21:27:45 CST 2020","0","testcase","test_calculator","TestCal","","","test_mul[supernegative_integer]","
        testcase for Calculator.mul
        :param a:
        :param b:
        :return:
        "
"passed","Sun Dec 13 21:27:45 CST 2020","Sun Dec 13 21:27:45 CST 2020","0","testcase","test_calculator","TestCal","","","test_div[super_positive_integer]","
        testcase for Calculator.div
        :param a:
        :param b:
        :return:
        "
"passed","Sun Dec 13 21:27:45 CST 2020","Sun Dec 13 21:27:45 CST 2020","1","testcase","test_calculator","TestCal","","","test_sub[positive_integer]","
        testcase for Calculator.sub
        :param a:
        :param b:
        :return:
        "
"passed","Sun Dec 13 21:27:45 CST 2020","Sun Dec 13 21:27:45 CST 2020","0","testcase","test_calculator","TestCal","","","test_sub[supernegative_integer]","
        testcase for Calculator.sub
        :param a:
        :param b:
        :return:
        "
"passed","Sun Dec 13 21:27:45 CST 2020","Sun Dec 13 21:27:45 CST 2020","0","testcase","test_calculator","TestCal","","","test_add[float]","
        testcase for Calculator.add
        :param a:
        :param b:
        :return:
        "
"passed","Sun Dec 13 21:27:45 CST 2020","Sun Dec 13 21:27:45 CST 2020","0","testcase","test_calculator","TestCal","","","test_mul[float]","
        testcase for Calculator.mul
        :param a:
        :param b:
        :return:
        "
"passed","Sun Dec 13 21:27:45 CST 2020","Sun Dec 13 21:27:45 CST 2020","0","testcase","test_calculator","TestCal","","","test_sub[negative_integer]","
        testcase for Calculator.sub
        :param a:
        :param b:
        :return:
        "
"passed","Sun Dec 13 21:27:45 CST 2020","Sun Dec 13 21:27:45 CST 2020","0","testcase","test_calculator","TestCal","","","test_sub[float]","
        testcase for Calculator.sub
        :param a:
        :param b:
        :return:
        "
"passed","Sun Dec 13 21:27:45 CST 2020","Sun Dec 13 21:27:45 CST 2020","0","testcase","test_calculator","TestCal","","","test_div[float]","
        testcase for Calculator.div
        :param a:
        :param b:
        :return:
        "
"passed","Sun Dec 13 21:27:45 CST 2020","Sun Dec 13 21:27:45 CST 2020","0","testcase","test_calculator","TestCal","","","test_sub[zero]","
        testcase for Calculator.sub
        :param a:
        :param b:
        :return:
        "
"passed","Sun Dec 13 21:27:45 CST 2020","Sun Dec 13 21:27:45 CST 2020","0","testcase","test_calculator","TestCal","","","test_div[negative_integer]","
        testcase for Calculator.div
        :param a:
        :param b:
        :return:
        "
"broken","Sun Dec 13 21:27:45 CST 2020","Sun Dec 13 21:27:45 CST 2020","0","testcase","test_calculator","TestCal","","","test_div[zero]","
        testcase for Calculator.div
        :param a:
        :param b:
        :return:
        "
"passed","Sun Dec 13 21:27:45 CST 2020","Sun Dec 13 21:27:45 CST 2020","0","testcase","test_calculator","TestCal","","","test_add[negative_integer]","
        testcase for Calculator.add
        :param a:
        :param b:
        :return:
        "
"passed","Sun Dec 13 21:27:45 CST 2020","Sun Dec 13 21:27:45 CST 2020","0","testcase","test_calculator","TestCal","","","test_div[supernegative_integer]","
        testcase for Calculator.div
        :param a:
        :param b:
        :return:
        "
"passed","Sun Dec 13 21:27:45 CST 2020","Sun Dec 13 21:27:45 CST 2020","0","testcase","test_calculator","TestCal","","","test_add[super_positive_integer]","
        testcase for Calculator.add
        :param a:
        :param b:
        :return:
        "
"passed","Sun Dec 13 21:27:45 CST 2020","Sun Dec 13 21:27:45 CST 2020","0","testcase","test_calculator","TestCal","","","test_mul[super_positive_integer]","
        testcase for Calculator.mul
        :param a:
        :param b:
        :return:
        "
"passed","Sun Dec 13 21:27:45 CST 2020","Sun Dec 13 21:27:45 CST 2020","0","testcase","test_calculator","TestCal","","","test_add[positive_integer]","
        testcase for Calculator.add
        :param a:
        :param b:
        :return:
        "
"passed","Sun Dec 13 21:27:45 CST 2020","Sun Dec 13 21:27:45 CST 2020","0","testcase","test_calculator","TestCal","","","test_add[supernegative_integer]","
        testcase for Calculator.add
        :param a:
        :param b:
        :return:
        "
"passed","Sun Dec 13 21:27:45 CST 2020","Sun Dec 13 21:27:45 CST 2020","0","testcase","test_calculator","TestCal","","","test_div[positive_integer]","
        testcase for Calculator.div
        :param a:
        :param b:
        :return:
        "
"passed","Sun Dec 13 21:27:45 CST 2020","Sun Dec 13 21:27:45 CST 2020","0","testcase","test_calculator","TestCal","","","test_mul[positive_integer]","
        testcase for Calculator.mul
        :param a:
        :param b:
        :return:
        "
"passed","Sun Dec 13 21:27:45 CST 2020","Sun Dec 13 21:27:45 CST 2020","0","testcase","test_calculator","TestCal","","","test_mul[negative_integer]","
        testcase for Calculator.mul
        :param a:
        :param b:
        :return:
        "
